Date,Open,High,Low,Close,Volume,Dividends,Stock Splits
2020-03-19,38.586594386654006,44.374583544652104,38.586594386654006,43.651084899902344,7000,0.0,0
2020-03-20,43.41955332180789,44.3842179505785,43.409908294677734,43.409908294677734,3600,0.0,0
2020-03-23,40.51591529846191,40.51591529846191,38.56729226394745,38.586585998535156,11900,0.0,0
2020-03-24,38.586585998535156,38.586585998535156,37.621921348571775,38.586585998535156,77800,0.0,0
2020-03-25,38.58658809686038,43.21697793250287,36.657258692017365,39.56089782714844,7000,0.0,0
2020-03-26,43.409908294677734,45.82156986660427,42.68640982309977,43.409908294677734,29100,0.0,0
2020-03-27,43.40991133137529,45.82157307200725,43.400266303570426,43.6366081237793,263200,0.0,0
2020-03-30,42.686412448883054,48.23323440551757,42.686412448883054,48.23323440551758,118100,0.0,0
2020-03-31,44.856907997131344,48.23323440551757,43.19768355601234,48.23323440551758,210300,0.0,0
2020-04-01,44.36492801469755,46.78623462021504,42.44524377916416,45.04983901977539,1206100,0.0,0
2020-04-02,43.433062644695546,46.94058509498856,41.67351661067004,42.445247650146484,9264200,0.0,0
2020-04-03,42.204084753190216,47.5579736258998,40.32298766821005,45.6479377746582,22551600,0.0,0
2020-04-06,45.33924600355646,46.15920961889314,43.12051767978879,44.31669998168945,10294200,0.0,0
2020-04-07,43.55460814116886,45.32959115151765,41.41305155262213,42.71534729003906,12146500,0.0,0
2020-04-08,40.71849934900129,43.602848651035494,39.80206707498282,42.53207015991211,22265800,0.0,0
2020-04-09,42.49347489731031,48.4743961537542,42.44524240328726,47.40361785888672,17355600,0.0,0
2020-04-13,46.834470838056205,46.95022957264471,44.104471627929065,44.374576568603516,8545100,0.0,0
2020-04-14,44.28776450335294,44.66398321785104,42.416315960506594,44.268470764160156,10152100,0.0,0
2020-04-15,42.628534912932565,43.26521351470406,41.28765146980049,42.97581481933594,7935500,0.0,0
2020-04-16,42.52241868568205,44.76719295738767,42.01114392909982,44.007999420166016,8740200,0.0,0
2020-04-17,45.3392508116667,46.844129397415344,44.29741094155505,44.519287109375,7878100,0.0,0
2020-04-20,43.40991036343753,45.31994597784034,43.31344536792471,43.786128997802734,5407500,0.0,0
2020-04-21,42.92757847347289,45.532173858405926,42.92757847347289,44.27811050415039,6939700,0.0,0
2020-04-22,45.63829278223527,47.79913986257396,44.37458057585309,45.38747787475586,6801900,0.0,0
2020-04-23,45.76369061420981,46.34249162407834,44.837613414304556,45.792633056640625,5174800,0.0,0
2020-04-24,46.32319748167026,46.78623607755036,44.673621793865465,46.159202575683594,6446900,0.0,0
2020-04-27,46.381083691049824,46.882706130788385,45.92769007370085,46.516136169433594,5541100,0.0,0
2020-04-28,47.33609292545393,49.1496634535508,46.9309355486991,48.09817886352539,5368200,0.0,0
2020-04-29,48.976028153069976,49.90210539876881,47.95348222767094,49.34260177612305,4343900,0.0,0
2020-04-30,49.168961376961526,49.77669749387411,48.7155677863314,49.111080169677734,6123800,0.0,0
2020-05-01,48.551570648307354,48.7445006226519,46.60294773221971,47.95347595214844,3089700,0.0,0
2020-05-04,47.12387007309177,47.91489484864714,45.83121920183479,47.779842376708984,5676600,0.0,0
2020-05-05,47.77983998379949,48.8506183575451,46.26531674450818,46.390724182128906,4103600,0.0,0
2020-05-06,46.89235355021275,47.2685722096272,46.197793760583664,46.60295486450195,2931800,0.0,0
2020-05-07,47.287866824254955,51.40698577775666,47.25892805911759,49.97928237915039,4803200,0.0,0
2020-05-08,50.27832882242417,52.255890945196874,50.268683793490545,51.079002380371094,4289400,0.0,0
2020-05-11,50.16256735819373,50.54843473291067,49.255783811484136,49.97928237915039,3150600,0.0,0
2020-05-12,50.34584629757049,50.442314969629,47.934184694661134,47.96312713623047,3059800,0.0,0
2020-05-13,47.268567115489034,48.5226304050213,46.19296442829535,46.5064811706543,4567000,0.0,0
2020-05-14,45.92769062746568,46.68977668456743,45.56111698178695,46.30390930175781,4849900,0.0,0
2020-05-15,45.647933230469164,47.4807976292531,45.53217449704292,47.16245651245117,2981400,0.0,0
2020-05-18,48.34899706974229,50.490554029080464,48.34899706974229,50.2879753112793,4452600,0.0,0
2020-05-19,49.853869130212495,51.05777166655537,49.250953727302516,50.46160888671875,2050300,0.0,0
2020-05-20,50.69312919728428,52.76715977212914,50.62077860887736,51.30086898803711,4755100,0.0,0
2020-05-21,50.700520495471956,51.852803708988844,50.22604876414409,50.380977630615234,3813100,0.2,0
2020-05-22,50.797350989108814,51.04911271237438,49.306158301445464,50.07112121582031,2134300,0.0,0
2020-05-26,51.349286114241266,52.27886304568978,49.09313417115917,49.2771110534668,6247000,0.0,0
2020-05-27,49.95492388985761,50.98132993306909,49.160912991941466,50.719886779785156,5202300,0.0,0
2020-05-28,51.19435557092011,51.271821851761445,49.31584258606471,49.34489059448242,4260700,0.0,0
2020-05-29,48.84136737342938,51.19435192644224,48.58960936620862,50.981327056884766,7522700,0.0,0
2020-06-01,50.787664686795665,52.71459209885358,50.45844040668289,52.366004943847656,3073300,0.0,0
2020-06-02,52.443477368218815,53.014778323474765,51.601051788026474,52.43379592895508,2638100,0.0,0
2020-06-03,53.25685084403356,53.8184703168653,52.821112234732325,53.71195602416992,4134500,0.0,0
2020-06-04,53.547339818261044,54.86423703056214,52.95667236034992,53.64417266845703,3281300,0.0,0
2020-06-05,55.99716228482843,56.84830150407868,54.22515975551027,56.713706970214844,4615100,0.0,0
2020-06-08,56.820214923603956,59.37654300707154,56.510357197959124,59.318443298339844,5966500,0.0,0
2020-06-09,58.485702810064545,59.512105138295375,57.362467634211164,58.727779388427734,4610200,0.0,0
2020-06-10,58.689052184740454,59.027957951205074,57.149444842894646,57.15912628173828,2658300,0.0,0
2020-06-11,54.22515896267362,56.229552935968776,53.939510344731524,54.46723556518555,3293900,0.0,0
2020-06-12,55.90032573173457,57.11070868199851,53.35367897011645,54.26388931274414,4313000,0.0,0
2020-06-15,52.78238348599297,55.968112624495504,52.123938491776414,55.84223175048828,4464300,0.0,0
2020-06-16,57.61423234902932,57.904723538080376,55.55658119370684,56.01652526855469,3510300,0.0,0
2020-06-17,56.277963896743586,56.34574504558217,54.6705755072368,54.94170379638672,2441500,0.0,0
2020-06-18,54.651213526863174,55.851915124178376,54.45755519608617,55.667938232421875,2137500,0.0,0
2020-06-19,57.09134589168938,57.09134589168938,54.176745179741395,55.19346618652344,7096100,0.0,0
2020-06-22,55.077268579914325,56.33606615003961,54.8448734206963,55.251564025878906,2027000,0.0,0
2020-06-23,55.86158984831628,56.03588528010098,54.796454381894584,54.99979782104492,2386900,0.0,0
2020-06-24,54.370399173094846,55.16441002826571,53.498922042397396,53.77973175048828,3022000,0.0,0
2020-06-25,53.30526561025592,54.709310603439626,53.024455872860045,54.418819427490234,2942900,0.0,0
2020-06-26,54.44786590545367,54.68994249423505,52.716535885960724,54.021812438964844,6634300,0.0,0
2020-06-29,54.11863957292018,54.99979817537724,53.5763903983592,54.7770881652832,2257300,0.0,0
2020-06-30,54.19610741737402,55.29029092982542,53.750683690520596,55.057899475097656,2518100,0.0,0
2020-07-01,55.19346964573238,55.19346964573238,53.98308653946631,54.01213455200195,2400200,0.0,0
2020-07-02,54.64152366548686,55.42585308190365,54.0024416685605,54.70930480957031,3162900,0.0,0
2020-07-06,55.56141921873524,55.75508122687209,54.64152745043188,55.057899475097656,1999100,0.0,0
2020-07-07,54.64152616367624,55.493636763134646,54.34134987344321,55.0191650390625,2537900,0.0,0
2020-07-08,55.222503963001685,55.33870337191878,54.486592842169294,55.115989685058594,6694900,0.0,0
2020-07-09,55.05789860241534,56.1036675197057,54.292935713987205,54.331668853759766,2424200,0.0,0
2020-07-10,54.44786539428248,55.49363802102196,54.26388851830227,55.174095153808594,2137300,0.0,0
2020-07-13,54.767401630650575,56.10366156686102,54.675411356900206,55.08694076538086,2882500,0.0,0
2020-07-14,54.43818482488233,55.62920120625736,54.25420425217036,55.551734924316406,2755100,0.0,0
2020-07-15,56.17145003153748,57.130074948313144,56.026206294556424,56.355430603027344,2358400,0.0,0
2020-07-16,56.16177233766245,56.70402526241328,55.83061245821554,56.47163009643555,2628800,0.0,0
2020-07-17,56.86863520207108,57.15912638726216,56.30701940320777,56.694339752197266,2983100,0.0,0
2020-07-20,56.5684592670054,57.75947941380104,56.152090904818095,56.70402526855469,2407800,0.0,0
2020-07-21,56.52972594327695,57.071975137128,56.25859765255583,56.58782196044922,2314000,0.0,0
2020-07-22,56.123032857187226,57.06229116017118,55.851908272323996,56.62655258178711,2034300,0.0,0
2020-07-23,56.64591475062531,57.58323373818933,56.49098590076857,57.188167572021484,2566500,0.0,0
2020-07-24,57.30436814151088,57.318892145260115,55.80349408876421,56.28764724731445,3142100,0.0,0
2020-07-27,56.0262100299237,56.58782583252649,55.77444829229816,56.47163009643555,2670300,0.0,0
2020-07-28,57.92408679198632,59.87038466535734,57.807891061780715,58.3695068359375,4473600,0.0,0
2020-07-29,59.02796045630979,62.32020387224011,59.02796045630979,62.262107849121094,4885400,0.0,0
2020-07-30,61.42935788052194,62.47512689207962,61.1485518263474,61.380943298339844,2307000,0.0,0
2020-07-31,61.42934490325072,61.42934490325072,60.209280698545754,60.75153350830078,3156100,0.0,0
2020-08-03,61.022665278191496,61.79730960239572,60.751540688168895,61.206642150878906,3200500,0.0,0
2020-08-04,60.59661956046599,60.90647732971115,60.00595203353117,60.625667572021484,1739400,0.0,0
2020-08-05,60.75154073438191,61.63269934642116,60.36421672508741,61.09044647216797,2645000,0.0,0
2020-08-06,60.896785352253836,61.50681938292706,60.872579909943454,61.46808624267578,1557400,0.0,0
2020-08-07,61.15823133240037,62.42671403073871,61.15823133240037,62.36861801147461,1169100,0.0,0
2020-08-10,62.2524057761794,63.23039709557665,62.2524057761794,63.143245697021484,1572700,0.0,0
2020-08-11,63.4434299887048,63.8598020225002,62.29115043420368,62.32988357543945,2787700,0.0,0
2020-08-12,62.91087503215397,63.39502828634928,62.184645150860995,62.84309387207031,1496600,0.0,0
2020-08-13,62.9011765579471,62.9011765579471,61.806993095062346,61.97160339355469,1436200,0.0,0
2020-08-14,61.69079967001685,62.465447742699396,61.58428537533321,62.039390563964844,1633900,0.0,0
2020-08-17,62.41701825437114,62.484799394484384,61.69078858704782,61.932865142822266,1785500,0.0,0
2020-08-18,61.82636147712432,62.35893294625729,61.366417419741204,61.43904113769531,1680200,0.0,0
2020-08-19,61.46809139806958,61.57460569579629,60.606299271074725,60.925838470458984,1549000,0.0,0
2020-08-20,60.38185914621373,61.44067889918149,60.041872681965856,61.1686897277832,1291500,0.2,0
2020-08-21,61.22696436917318,61.91665694495291,60.79955233106848,61.8098030090332,2649500,0.0,0
2020-08-24,61.79037771338975,62.39264470799827,61.236683386998344,61.97494125366211,3199900,0.0,0
2020-08-25,62.56749769467984,62.95604940673159,62.076938929818894,62.450927734375,1604100,0.0,0
2020-08-26,62.44120835735484,62.936621398048906,61.924428975668334,62.34407043457031,1161900,0.0,0
2020-08-27,62.6257758320736,63.04832987389427,61.36296059771849,61.42124557495117,1341700,0.0,0
2020-08-28,61.46010450509891,61.8098069703119,60.85784120699566,61.77095031738281,1129900,0.0,0
2020-08-31,61.79037398200103,62.01379416112549,61.04240014463266,61.100685119628906,1736400,0.0,0
2020-09-01,60.731553355738384,62.441205166160444,60.5421318220874,62.21778869628906,2334100,0.0,0
2020-09-02,61.906944859551736,63.68459411587484,61.829235259315034,63.47088623046875,1827200,0.0,0
2020-09-03,63.024041705582476,63.577736003664135,59.313320530242244,60.080718994140625,3096800,0.0,0
2020-09-04,60.712128243058686,60.809266166017885,58.70134285209452,59.731021881103516,2697000,0.0,0
2020-09-08,59.67273675183282,59.983582551198765,58.730483338119306,58.89562225341797,2137900,0.0,0
2020-09-09,59.28418657252847,60.74127786594922,59.255045932443984,60.30415344238281,1888500,0.0,0
2020-09-10,60.20700993067049,60.20700993067049,58.02137305838082,58.1865119934082,3828900,0.0,0
2020-09-11,58.536205839858745,58.973333918538174,58.06508282205496,58.419639587402344,2273400,0.0,0
2020-09-14,58.83734005905025,58.83734005905025,57.3773363345437,58.27393341064453,2420100,0.0,0
2020-09-15,58.31278875161399,59.85730557484051,58.31278875161399,58.57506561279297,1629400,0.0,0
2020-09-16,59.11904609427354,59.264752987346995,57.7008115838083,58.079654693603516,2457000,0.0,0
2020-09-17,57.069398710227375,59.34246086665344,56.379709844939434,59.29389190673828,2219900,0.0,0
2020-09-18,59.41045883917669,60.84812156163257,58.66248498999017,59.13846969604492,3806500,0.0,0
2020-09-21,58.28364820156703,58.49735609742331,56.99169222108984,57.71052551269531,2512100,0.0,0
2020-09-22,57.25396246658754,59.371601736316386,57.17625287153075,59.245323181152344,1841500,0.0,0
2020-09-23,59.031617739285096,60.003011803702016,58.4779234190134,58.681915283203125,1733700,0.0,0
2020-09-24,59.10933532087199,60.95498577476819,58.73049217747456,60.30415344238281,2374800,0.0,0
2020-09-25,59.847591621145284,60.56642118635645,59.439604168652245,59.789306640625,1557600,0.0,0
2020-09-28,60.48870740994259,61.08125836815993,60.12929265214201,60.721839904785156,1233900,0.0,0
2020-09-29,60.63441476365122,60.9646888885546,60.10986479339522,60.62470245361328,1435400,0.0,0
2020-09-30,60.91611600357473,61.78065605866076,60.17785820429337,60.6344108581543,2494000,0.0,0
2020-10-01,61.071539127679216,62.38292323782294,59.99329120564126,60.58584213256836,2342500,0.0,0
2020-10-02,59.85730829990118,61.62524541004691,59.750454347270164,61.35325622558594,1447800,0.0,0
2020-10-05,61.9166644170117,62.781200907375386,61.42610933635053,62.69377899169922,1447700,0.0,0
2020-10-06,62.58692050311731,63.14061482901814,61.66895339935677,62.004085540771484,2107000,0.0,0
2020-10-07,62.78118738142722,63.742872713569,62.533484595895445,63.189178466796875,1648100,0.0,0
2020-10-08,62.936619092075944,63.63602396833614,62.63548931913265,62.85890579223633,1213200,0.0,0
2020-10-09,63.16004043620465,63.79144807658761,62.46064291715375,63.4806022644043,1187000,0.0,0
2020-10-12,63.96629030290238,64.0974305616379,63.305742118622156,63.81087112426758,1185800,0.0,0
2020-10-13,63.296035709750555,63.91772726814073,62.767591215085744,63.26688766479492,1415900,0.0,0
2020-10-14,63.62631180001382,64.11200883665515,62.684058363145866,63.7331657409668,1633600,0.0,0
2020-10-15,62.820054586404396,63.56317047904344,62.178938335037834,63.33489227294922,982100,0.0,0
2020-10-16,63.432046064263155,63.92745178460435,62.95605755642972,63.16976547241211,1047500,0.0,0
2020-10-19,63.04347841516578,63.568032117196786,62.24693555159621,62.518924713134766,910500,0.0,0
2020-10-20,62.82977419431896,63.85944962627231,62.49949632807118,62.54806900024414,720000,0.0,0
2020-10-21,62.412065886621356,62.97547619781429,61.88751222562947,61.8972282409668,1082600,0.0,0
2020-10-22,62.15951486930389,62.15951486930389,61.17840467773824,61.43096923828125,4980300,0.0,0
2020-10-23,61.654380870624216,62.18864314564092,61.31439073346697,61.634952545166016,2308600,0.0,0
2020-10-26,62.01380046665154,62.06236943129982,59.614455816166604,61.40182113647461,3026000,0.0,0
2020-10-27,61.11040530170322,61.430967147116824,60.09044219410692,60.197296142578125,1973200,0.0,0
2020-10-28,59.264748709290785,59.50759721912419,57.08882813630505,57.30253601074219,2570900,0.0,0
2020-10-29,57.20539061406481,59.439596016200156,57.117965008062505,59.05104064941406,2122600,0.0,0
2020-10-30,58.62363035303811,59.54645545610001,58.08936435828888,59.52702713012695,2036100,0.0,0
2020-11-02,60.41099953783628,60.97440991123257,59.34246747835476,60.362430572509766,1819100,0.0,0
2020-11-03,61.129834149983736,62.02351498922076,60.30415060479411,60.9161262512207,1545600,0.0,0
2020-11-04,60.88697590950851,61.82437126300596,60.17785873775212,60.517845153808594,2042700,0.0,0
2020-11-05,61.5086738304114,62.12065314813521,60.799556585367654,60.83841323852539,1495700,0.0,0
2020-11-06,61.16868333151308,61.98465446595825,60.877262157688676,61.761234283447266,1145800,0.0,0
2020-11-09,65.08340442086768,65.36510959799735,61.6155277951868,61.68352508544922,2420100,0.0,0
2020-11-10,61.56696046494078,64.0323569965453,61.5086754836376,63.85944747924805,2174600,0.0,0
2020-11-11,63.976012134369896,64.43256851943232,62.88804814041576,64.22857666015625,1319500,0.0,0
2020-11-12,64.28686217341581,64.55885133706613,63.54860057840145,64.102294921875,1774700,0.0,0
2020-11-13,64.34513763285781,64.83083464152311,63.36403501138061,63.694305419921875,1438500,0.0,0
2020-11-16,64.3257204036843,65.70509828809246,63.801166684722936,65.46224975585938,2338900,0.0,0
2020-11-17,65.23883020183226,66.00622500594665,64.40828499957733,65.27767944335938,1465000,0.0,0
2020-11-18,65.38453973134439,66.03537946289612,64.60742883585117,64.72399139404297,2182800,0.0,0
2020-11-19,64.91883805620091,65.4644614631984,63.915291204818914,64.4609146118164,1809900,0.2,0
2020-11-20,64.39270949273305,65.02601803782306,64.30502439116984,64.61680603027344,1811200,0.0,0
2020-11-23,64.92858382533944,65.7957266900536,64.84089872896753,65.52291870117188,1885500,0.0,0
2020-11-24,66.29263832044305,66.29263832044305,65.16242517835214,65.66907501220703,4738800,0.0,0
2020-11-25,65.70804607754403,65.73727444499585,64.71423698341795,65.64958190917969,1125400,0.0,0
2020-11-27,65.81522440937837,66.45827082003721,65.18191583262849,65.61061096191406,1645000,0.0,0
2020-11-30,65.12345604652528,65.9613706936939,64.67527035232418,65.22089385986328,1831000,0.0,0
2020-12-01,65.68856055176265,66.40956169336064,65.05525195266658,65.11371612548828,2928100,0.0,0
2020-12-02,65.20139842874225,65.54240844943904,63.87632454821105,64.00299072265625,1379600,0.0,0
2020-12-03,64.08092490532322,65.13319067643182,63.681458183035495,63.8081169128418,1061900,0.0,0
2020-12-04,63.96400527996204,64.3469102158462,63.21377593945137,63.48659133911133,2054300,0.0,0
2020-12-07,63.311228864454016,63.63274836808482,62.36613858882875,63.18456268310547,1917600,0.0,0
2020-12-08,63.11635545223554,64.45117456235022,63.018925082426314,64.41220092773438,2641500,0.0,0
2020-12-09,64.06144180591467,64.5096274269142,63.51582582095181,63.8081169128418,1668600,0.0,0
2020-12-10,63.53531266239087,64.44142922419178,62.21023882075814,62.356388092041016,2056600,0.0,0
2020-12-11,61.70359376058421,62.23946820414966,61.333351681669996,62.093318939208984,2023900,0.0,0
2020-12-14,62.833800797579116,62.833800797579116,60.91439579399699,61.16771697998047,1377800,0.0,0
2020-12-15,61.48925094335071,63.90555704625502,61.34310165833327,63.067649841308594,2041100,0.0,0
2020-12-16,63.26250828428802,63.652237218920796,62.68765643317591,63.564544677734375,1760600,0.0,0
2020-12-17,64.06145208168589,64.61681342216585,63.817872415976055,64.10042572021484,1873700,0.0,0
2020-12-18,64.29527190122168,64.49987788201064,62.88251313381524,63.92503356933594,4028700,0.0,0
2020-12-21,63.27225484234458,64.77270643953396,62.94098263943875,64.45117950439453,2201300,0.0,0
2020-12-22,64.14912866621653,64.29527793290774,63.42326611630231,63.73017883300781,1151500,0.0,0
2020-12-23,63.80811885726865,64.53885775945186,63.62300339013539,63.944522857666016,972500,0.0,0
2020-12-24,63.769153509449495,64.28554864486199,63.613266388795175,64.10042572021484,992100,0.0,0
2020-12-28,64.48040847688169,64.88962052535939,63.856845136307655,64.3050308227539,786400,0.0,0
2020-12-29,64.607063492616,64.8896167764679,63.45736725608044,64.00299072265625,1008400,0.0,0
2020-12-30,64.10042179285102,65.11371403213599,64.10042179285102,65.00653839111328,1082200,0.0,0
2020-12-31,65.14294148838783,65.95162770170023,64.86038820541864,65.81522369384766,1238200,0.0,0
2021-01-04,65.81522286315533,66.27314635033161,63.86658570875797,63.90555191040039,2569600,0.0,0
2021-01-05,64.1296531640687,64.71424286663265,63.09590399165081,63.42814254760742,1366100,0.0,0
2021-01-06,64.12965443580492,65.60087770597765,63.57429309233676,65.19166564941406,1596000,0.0,0
2021-01-07,65.57165307480237,66.209830649437,65.1283362715123,66.03932189941406,1542500,0.0,0
2021-01-08,65.73727945687052,66.22443877410423,64.15888059298724,65.11371612548828,1914000,0.0,0
2021-01-11,64.5193805939897,65.07474191339305,64.11990638932457,64.6557846069336,1506200,0.0,0
2021-01-12,64.5680828104345,65.08447785223248,63.3989036003662,63.5547981262207,1722000,0.0,0
2021-01-13,63.515833609395564,63.851974724728606,62.21024278511982,62.32716369628906,3172600,0.0,0
2021-01-14,62.55125756843152,63.69121609689555,62.16153231845873,63.27225875854492,3088300,0.0,0
2021-01-15,63.145584921103875,64.00299003068415,61.87897150784211,63.84709548950195,1841100,0.0,0
2021-01-19,64.3050220601185,64.74346241896244,63.25275627874062,63.69120407104492,2489200,0.0,0
2021-01-20,64.11016592572938,64.79218596247635,63.22353244449742,63.515830993652344,1737200,0.0,0
2021-01-21,63.56453919077854,63.56453919077854,61.82051183650604,61.88871383666992,3945600,0.0,0
2021-01-22,61.888724395616535,63.53532166393534,61.57694270832222,63.21379470825195,3546500,0.0,0
2021-01-25,62.35639607462788,62.95073106939111,60.407758697295755,62.57074737548828,4500200,0.0,0
2021-01-26,62.94098237607474,63.4183964261724,60.67082188771822,61.87897491455078,2742100,0.0,0
2021-01-27,61.070288956036606,61.3918121550753,59.70624145590829,60.6415901184082,3241300,0.0,0
2021-01-28,60.99233512557961,63.15532333217352,60.72927240771875,62.19075012207031,3235000,0.0,0
2021-01-29,63.4378859909068,64.29528370110994,61.820517229151484,62.98970031738281,10353200,0.0,0
2021-02-01,64.29528287561672,64.31477341051948,61.38207231838318,62.892269134521484,3731500,0.0,0
2021-02-02,63.379427960289085,65.0649949770643,62.84354975642355,62.97995376586914,4327800,0.0,0
2021-02-03,62.979953812397106,63.2040503614867,61.33335671372524,62.40510940551758,3542100,0.0,0
2021-02-04,62.24922061822199,62.48305502286141,61.38207757728333,61.66463088989258,2303900,0.0,0
2021-02-05,61.12875112831639,62.55125168787965,61.0215754867121,62.28818893432617,3697900,0.0,0
2021-02-08,62.11280575564976,62.87277301318875,61.52821612934749,62.093318939208984,1787100,0.0,0
2021-02-09,61.90820473625334,62.934163589814105,61.58667781422146,62.70714569091797,2819100,0.0,0
2021-02-10,63.27224692656959,64.20759181167088,62.94097476510809,63.63274002075195,1934100,0.0,0
2021-02-11,63.56433578608246,63.726569840047944,61.45822713638501,61.99086380004883,4298900,0.2,0
2021-02-12,61.463117879412394,63.07568329951952,61.463117879412394,62.479522705078125,2021600,0.0,0
2021-02-16,62.850897295172636,62.88021544582022,61.16015265327496,61.756309509277344,3228400,0.0,0
2021-02-17,61.87359021171148,61.93222651361652,61.198266140012414,61.26765441894531,2178600,0.0,0
2021-02-18,61.04287191340439,62.137463415235906,60.89627743365454,61.6292610168457,2258400,0.0,0
2021-02-19,61.88336052018473,62.01529965328027,61.51198112647711,61.60971450805664,3852700,0.0,0
2021-02-22,61.424023132029916,62.1521228464368,61.101512292214885,61.79540252685547,2560000,0.0,0
2021-02-23,61.414251657916196,62.12768856893153,61.140605644964374,61.79540252685547,2571200,0.0,0
2021-02-24,61.658580945364385,62.94863551888077,61.599940914884925,62.889991760253906,2257300,0.0,0
2021-02-25,62.82158119267824,63.43729220152998,62.55771037195244,62.99749755859375,2431700,0.0,0
2021-02-26,63.41774279417852,63.41774279417852,62.1472385866891,62.2645149230957,3278300,0.0,0
2021-03-01,62.66521676263174,64.25823184111871,62.61634820456912,63.45683670043945,1896000,0.0,0
2021-03-02,63.261373200241664,64.35107337511182,62.87044713045982,63.92594528198242,2657500,0.0,0
2021-03-03,64.02367408005017,66.11511995070423,63.59365466340539,65.47986602783203,3210800,0.0,0
2021-03-04,65.31372330313238,65.38213480356315,61.902904842718605,62.49906539916992,3634400,0.0,0
2021-03-05,63.05612840349192,63.63274600819386,61.33606197561411,63.398193359375,2168000,0.0,0
2021-03-08,63.495925587954744,64.82506974575011,63.12454246791821,63.74025344848633,1636700,0.0,0
2021-03-09,64.19959553647965,65.13781369218012,63.44706149756791,63.45683670043945,2547300,0.0,0
2021-03-10,63.202725792161345,64.98632355241614,63.14408949478441,64.74687957763672,1814900,0.0,0
2021-03-11,64.60028544424809,66.10534597411208,64.3950509342159,65.77306365966797,2214700,0.0,0
2021-03-12,66.11512905473568,66.11512905473568,64.49278827312149,64.5025634765625,1938200,0.0,0
2021-03-15,64.44391984927557,65.12803488653755,64.02855949760566,65.09871673583984,1495700,0.0,0
2021-03-16,65.5971436333356,66.42785682930425,65.06939458434165,66.16397857666016,2371800,0.0,0
2021-03-17,66.44740729677065,67.0924364706414,65.83170373140817,67.0240249633789,1729500,0.0,0
2021-03-18,66.60377502441406,67.08265553432214,65.92942775596585,66.60377502441406,2752800,0.0,0
2021-03-19,66.34967775708083,66.34967775708083,65.01075830533175,65.34304809570312,3149000,0.0,0
2021-03-22,65.29417987522073,65.42123514409082,64.15072719316076,65.303955078125,1391500,0.0,0
2021-03-23,64.91303150671231,66.17376430378826,64.69802177222402,65.44078063964844,1364500,0.0,0
2021-03-24,65.3625901241348,66.41808832861379,65.3625901241348,65.64601135253906,1378000,0.0,0
2021-03-25,65.88057108859428,66.59400430042987,65.24531712913738,66.32035827636719,1738900,0.0,0
2021-03-26,66.61355559808715,67.80586936800442,66.08580649191309,67.47358703613281,1989400,0.0,0
2021-03-29,68.24565058594108,69.06658850755029,67.92313606404021,68.32383728027344,2038300,0.0,0
2021-03-30,68.48021415841201,68.89068318482533,67.84496021393726,68.15769958496094,2604800,0.0,0
2021-03-31,68.43135149244472,68.43135149244472,66.72105627888966,66.89697265625,3783100,0.0,0
2021-04-01,67.32698309393119,68.05996665856794,66.76991588305903,67.68859100341797,1579200,0.0,0
2021-04-05,67.51268065240819,68.11860901435439,67.35630723236073,67.6592788696289,1126600,0.0,0
2021-04-06,67.92315097709212,68.86625301955091,67.32699035042985,68.1381607055664,1972800,0.0,0
2021-04-07,68.27497104697966,68.67566482050412,67.83518392496363,68.05018615722656,7225700,0.0,0
2021-04-08,67.9133843431931,68.06486645565123,67.35631700199113,67.835205078125,1881700,0.0,0
2021-04-09,68.09905258402914,69.3402346706959,67.87426770128337,69.144775390625,3557700,0.0,0
2021-04-12,69.01773232768646,69.49172894340634,68.72453593122056,69.04705047607422,1986000,0.0,0
2021-04-13,68.85158909033555,69.61878216229084,68.59944702952187,69.50639343261719,1513400,0.0,0
2021-04-14,69.38911211730975,69.46240749266232,68.47043697931984,68.80272674560547,3099700,0.0,0
2021-04-15,69.03728004953855,69.62366542673412,68.51930617541089,69.35979461669922,1495600,0.0,0
2021-04-16,69.78982335322726,69.78982335322726,68.26521222150163,68.97865295410156,2548500,0.0,0
2021-04-19,69.1056871685879,69.76537533626689,68.75385447333167,69.41842651367188,2641300,0.0,0
2021-04-20,70.0145843847949,70.06345293471982,68.7343089047355,68.87113189697266,3682300,0.0,0
2021-04-21,68.85158975559595,69.4673007508327,68.24566141907057,69.42820739746094,3080300,0.0,0
2021-04-22,69.61389393234666,70.122092576873,69.00795818330496,69.34024047851562,2415600,0.0,0
2021-04-23,69.45752336700019,70.34688035161294,69.13500880403329,69.66275787353516,2574700,0.0,0
2021-04-26,74.70569176991197,75.13570374998358,72.85857367285764,74.53954315185547,6077800,0.0,0
2021-04-27,74.76433225221272,77.4617141702513,74.39295655404972,77.20761108398438,6143800,0.0,0
2021-04-28,77.38352883062235,77.69626822838416,76.22052570005718,76.23030090332031,3492300,0.0,0
2021-04-29,76.24982073220905,77.32486907630374,76.24982073220905,76.90462493896484,2492200,0.0,0
2021-04-30,76.47460894578076,76.88507790077163,75.79049402079595,76.10323333740234,3659500,0.0,0
2021-05-03,76.7091779060969,77.30533852038944,76.14234290022934,76.62122344970703,2739900,0.0,0
2021-05-04,76.60166258807213,77.754890304305,76.60166258807213,76.93395233154297,3402100,0.0,0
2021-05-05,77.10011083996497,77.44216840565556,75.99575142607945,76.2889404296875,2075500,0.0,0
2021-05-06,76.65053430328857,77.08934468139378,75.9370936921139,76.58212280273438,2983500,0.0,0
2021-05-07,76.3084878694522,77.15874414877493,76.14234669490585,76.4159927368164,2780700,0.0,0
2021-05-10,76.8850936729836,77.30533791490988,76.25961491146003,76.47462463378906,4867400,0.0,0
2021-05-11,76.02505839288608,76.3377977578224,75.10638324625678,75.85891723632812,2939200,0.0,0
2021-05-12,75.99574001699862,76.19119932339342,74.38317464221038,74.40271759033203,2392700,0.0,0
2021-05-13,74.26590453201007,75.76608137937451,74.09976335369154,75.39958953857422,2658300,0.0,0
2021-05-14,75.88823549528196,77.63762388349774,75.65368283531792,77.09032440185547,3255300,0.0,0
2021-05-17,76.9437307067764,77.38351785942574,76.32801974551414,77.21737670898438,2234000,0.0,0
2021-05-18,77.745123567236,77.88194656447051,76.78735513030036,76.8166732788086,2941000,0.0,0
2021-05-19,76.17165599003894,76.23029229040192,75.28229900096287,75.71231842041016,5465700,0.0,0
2021-05-20,75.60448588890594,76.3299417506365,75.34959316147287,75.83976745605469,6751500,0.24,0
2021-05-21,76.09465945886377,76.76129679232552,75.76133705239987,76.04563903808594,2245000,0.0,0
2021-05-24,76.07504386009239,76.79070157257621,75.69270853462446,76.5946273803711,1547500,0.0,0
2021-05-25,76.7416786920097,77.06519548916724,76.13386741434267,76.16327667236328,2288600,0.0,0
2021-05-26,76.24169921875001,76.69266610869643,76.02602883244946,76.24169921875,1890100,0.0,0
2021-05-27,76.6142381197595,77.53576063994726,76.16327869935579,77.1632308959961,2818900,0.0,0
2021-05-28,76.93775659650012,77.16323257186617,76.30052855054838,76.79070281982422,1915000,0.0,0
2021-06-01,77.61419250451264,78.261226134289,76.73678384779379,76.86913299560547,2207600,0.0,0
2021-06-02,76.87894161513196,77.21226405532785,76.24171347786354,76.73188781738281,1898600,0.0,0
2021-06-03,76.7122758298967,77.86908744510446,76.14367186253935,77.58478546142578,1949900,0.0,0
2021-06-04,77.6926191604495,78.3494508649046,77.6632099019613,78.3004379272461,1644000,0.0,0
2021-06-07,78.82002372569269,79.21706368573277,77.90829928878131,78.04554748535156,1723600,0.0,0
2021-06-08,78.19261580974147,79.35922569764355,77.81517945921604,79.26119232177734,2647600,0.0,0
2021-06-09,79.202361812965,79.58469715664283,78.75140236861334,79.16314697265625,1947300,0.0,0
2021-06-10,79.45724682314253,79.95721915975345,78.22200565143994,78.8396224975586,1753200,0.0,0
2021-06-11,79.26117339769657,79.39842158703387,78.1337711457413,78.95726776123047,1527800,0.0,0
2021-06-14,78.98668998272935,79.21217346191406,78.55533418574984,79.21217346191406,1232700,0.0,0
2021-06-15,79.37881856234354,79.67291862214717,78.84256333008238,79.39842224121094,1341500,0.0,0
2021-06-16,79.41804661403548,79.71214672277488,78.71219438591426,79.0455093383789,2578100,0.0,0
2021-06-17,79.32979517031232,79.59449344161871,77.88378269532124,78.88864135742188,3734700,0.0,0
2021-06-18,78.19259869869953,78.59453769563405,77.37400859617628,77.93770599365234,4490800,0.0,0
2021-06-21,78.5161055646122,79.5062596159895,78.10436100127461,79.44744110107422,2582700,0.0,0
2021-06-22,79.44744875404366,80.20231385954348,79.16314677212489,79.77096557617188,1757800,0.0,0
2021-06-23,80.03565892749688,80.05527008795434,79.15334369356752,79.23177337646484,1276400,0.0,0
2021-06-24,79.30039497312485,80.09447491883408,79.10432825154376,79.77096557617188,1679100,0.0,0
2021-06-25,79.9082077419831,80.30034863499425,79.68272429767543,80.04545593261719,2532100,0.0,0
2021-06-28,79.99644133410193,80.14349511460908,79.1533409706246,80.05526733398438,1940000,0.0,0
2021-06-29,80.08467516323941,80.84934583285433,79.97683622475877,80.46701049804688,1844000,0.0,0
2021-06-30,80.24152324197884,80.79052348810343,79.63371195873924,80.16309356689453,1981700,0.0,0
2021-07-01,80.57484943652751,80.77091615405642,80.09447326348977,80.46701049804688,1576100,0.0,0
2021-07-02,80.5748414165341,81.31010275328224,80.2415190545531,81.03560638427734,1113100,0.0,0
2021-07-06,80.65326304067037,80.94737056508663,80.0944647278515,80.63365936279297,1570300,0.0,0
2021-07-07,81.23169252544547,82.98651756671173,80.70230333873943,82.42771911621094,1645300,0.0,0
2021-07-08,81.29048825650605,82.28064224356967,80.83952888602778,81.45714569091797,1478100,0.0,0
2021-07-09,82.19241709514576,82.35908202949793,81.59441137346286,82.17281341552734,1073300,0.0,0
2021-07-12,81.82969292621233,82.24143751339034,81.60420947353921,82.17281341552734,1506700,0.0,0
2021-07-13,82.35908224390454,82.73161199334983,81.66303568392044,81.88851165771484,1683000,0.0,0
2021-07-14,81.76106676384342,83.3119788158517,81.76106676384342,83.11394500732422,1772100,0.0,0
2021-07-15,82.83944941070695,83.74136824827248,82.83944941070695,83.55510711669922,1769100,0.0,0
2021-07-16,83.3982515946488,83.86882219381926,83.2021848746829,83.2511978149414,1654800,0.0,0
2021-07-19,82.6531834497688,82.75122428785836,81.3885329289649,82.40809631347656,2534100,0.0,0
2021-07-20,82.79042823205641,84.59427337006848,82.4865225890213,84.40800476074219,1839200,0.0,0
2021-07-21,84.55506450402342,85.20209815298053,84.45507152241585,85.10405731201172,1447700,0.0,0
2021-07-22,85.29031378800086,85.927541766218,84.91778407555721,85.61383056640625,2123200,0.0,0
2021-07-23,86.34911582772008,87.072612155609,85.92756558492152,86.78046417236328,1648700,0.0,0
2021-07-26,88.17255653591816,88.42744178976228,85.14327543622996,87.30984497070312,3098600,0.0,0
2021-07-27,87.27553190182331,87.40395433183615,85.8001025346683,86.4863510131836,1701900,0.0,0
2021-07-28,86.2902770357046,86.70202911565885,85.55501561506155,86.2020492553711,1670200,0.0,0
2021-07-29,86.6137954828941,87.19220503398766,86.14323235334398,87.12358093261719,2009900,0.0,0
2021-07-30,87.09416049491102,88.02549609336043,86.94711419783576,87.79021453857422,1545200,0.0,0
2021-08-02,87.91765548499082,88.88819842457133,87.91765548499082,88.1627426147461,1441000,0.0,0
2021-08-03,88.33921521703971,90.01561046863199,88.3294096365369,89.48622131347656,1683700,0.0,0
2021-08-04,89.21171459881234,89.86854630683075,88.79016443944153,89.0156478881836,1214800,0.0,0
2021-08-05,89.35876605369472,89.61365875447304,88.26077305604343,88.947021484375,1547000,0.0,0
2021-08-06,89.2411391827914,89.525441197652,88.1921663939104,88.3686294555664,1938600,0.0,0
2021-08-09,88.05490258015459,88.29018412753238,87.19219858679232,87.9666748046875,1867200,0.0,0
2021-08-10,88.1235312925024,88.78036303138182,87.63335701343433,88.10392761230469,1269500,0.0,0
2021-08-11,88.14313802095208,88.76075488892072,88.04509718649452,88.65291595458984,1539600,0.0,0
2021-08-12,88.65291263878582,88.65291263878582,87.80000677537817,88.42742919921875,1344100,0.0,0
2021-08-13,88.48626179593488,89.24112688487571,88.32940243853814,88.87840270996094,2823900,0.0,0
2021-08-16,88.96662243721046,90.29009135773875,88.68232048725821,90.09402465820312,2660100,0.0,0
2021-08-17,89.63325277387626,89.94696395661721,88.398011719568,88.9568099975586,1821700,0.0,0
2021-08-18,88.69213309908255,89.91756876701623,88.52547564331535,88.72154235839844,2377400,0.0,0
2021-08-19,88.04330040881526,89.34080102360724,87.78772994699693,88.66255950927734,1343500,0.24,0
2021-08-20,88.29887744045517,88.86899332102541,87.94501292833255,88.48563385009766,3291500,0.0,0
2021-08-23,88.99677170262267,89.43909857764612,88.32836181411487,88.38733673095703,2037500,0.0,0
2021-08-24,88.32835687451089,89.21301807443835,88.12684925409762,88.82966613769531,2585500,0.0,0
2021-08-25,89.22284905496103,89.91092226282792,89.07541175981805,89.57671356201172,2034500,0.0,0
2021-08-26,89.37028763351415,90.43188108082954,89.36046348075709,90.2451171875,1527800,0.0,0
2021-08-27,90.54001308509022,91.0993148895473,90.1959802307128,90.44171905517578,1195500,0.0,0
2021-08-30,90.44172111708176,91.25756833338983,90.21072601687199,90.79558563232422,867900,0.0,0
2021-08-31,90.7955694664822,91.06587613194378,90.29426024258612,90.64812469482422,2124700,0.0,0
2021-09-01,90.61864833235029,90.6284724854714,89.40469797942762,89.9404067993164,1711600,0.0,0
2021-09-02,90.33359865755251,90.88405125676135,90.08785981871225,90.4908676147461,1547000,0.0,0
2021-09-03,90.3237580451271,90.87913016561306,90.01904431498252,90.25495147705078,1313400,0.0,0
2021-09-07,90.00921124586604,90.00921124586604,87.73858703573347,87.85653686523438,2056300,0.0,0
2021-09-08,87.61079573166569,89.50789959915542,87.52429819241136,89.17369842529297,2312400,0.0,0
2021-09-09,89.29165454981955,89.70450146930627,88.58393304360021,88.93779754638672,1610300,0.0,0
2021-09-10,89.47841373888717,89.68483343807655,88.66255909493395,89.00659942626953,1494900,0.0,0
2021-09-13,89.7732996788984,90.14681995289723,87.88110793047466,88.41681671142578,2013200,0.0,0
2021-09-14,88.67239468603887,89.28182965787464,87.74350224874738,88.81983947753906,2113700,0.0,0
2021-09-15,89.03609584363947,89.03609584363947,87.93518317115122,88.81001281738281,2868600,0.0,0
2021-09-16,88.8100028727587,88.8100028727587,86.13145139072104,86.69664764404297,3171200,0.0,0
2021-09-17,85.77267940271038,85.95943580541385,83.44307270101949,83.57085418701172,11037500,0.0,0
2021-09-20,82.56824533740625,82.96142895793133,80.86772936586067,81.76222229003906,4458100,0.0,0
2021-09-21,81.89983374022569,82.68620096502907,80.53352649912888,80.60233306884766,4208800,0.0,0
2021-09-22,82.43063851924259,84.09183550624809,81.70325364004586,82.85330963134766,3488600,0.0,0
2021-09-23,83.08920477801098,85.3303415129261,82.59772716072771,84.27857971191406,4250200,0.0,0
2021-09-24,83.96403437999172,84.67667542554814,83.11869227788166,83.41358184814453,1874200,0.0,0
2021-09-27,83.10886451441552,83.68389240202816,82.61738691823176,82.79431915283203,1614400,0.0,0
2021-09-28,82.14557472315053,82.72158509329675,81.31006421189703,82.28318786621094,2440600,0.0,0
2021-09-29,82.46994954178918,82.9515955294617,81.69341397019672,81.89983367919922,1784600,0.0,0
2021-09-30,82.45028272935009,82.64687827671868,80.8677241949612,80.87755584716797,2354800,0.0,0
2021-10-01,81.25109512468123,81.58529635342686,79.66853636655195,81.09381866455078,2530400,0.0,0
2021-10-04,80.71045064665044,81.70814955708344,80.18948559974686,80.51386260986328,2474600,0.0,0
2021-10-05,80.87755450905235,82.31758780970786,80.4548834633946,81.93914794921875,2080900,0.0,0
2021-10-06,81.37886605261112,82.0767633802332,79.82579495766727,81.45750427246094,1916800,0.0,0
2021-10-07,82.5092696026634,83.65932549435243,82.35199315626811,82.94176483154297,2487900,0.0,0
2021-10-08,82.47977678313019,82.94667901657064,81.24125109600185,82.0276107788086,1942600,0.0,0
2021-10-11,81.81137178235325,82.07676640995123,80.16983075464542,80.22881317138672,2134100,0.0,0
2021-10-12,80.41556886344236,80.7841770925551,79.89460376619293,80.5433578491211,2368900,0.0,0
2021-10-13,80.83822831615976,80.88737907271982,79.69800425762105,79.89459228515625,1519300,0.0,0
2021-10-14,80.5630219683199,82.06694249839406,80.55319031471002,81.98831176757812,2166500,0.0,0
2021-10-15,82.48960218014096,83.24648191677346,82.06693112574125,82.66653442382812,1681400,0.0,0
2021-10-18,82.2340423742654,82.43947966794077,81.5587480768431,81.89983367919922,1452300,0.0,0
2021-10-19,82.56823970289284,83.29562447664702,82.342156699229,82.9810791015625,1388000,0.0,0
2021-10-20,83.18750225518794,84.98631220896839,82.79432614452097,84.00335693359375,2339900,0.0,0
2021-10-21,82.74516973108588,83.93454463315501,82.06692823759525,83.89522552490234,1917700,0.0,0
2021-10-22,84.39653894137683,85.23204940971269,83.9542120755971,84.17045593261719,2678500,0.0,0
2021-10-25,79.70783433933389,82.5190868384757,79.70783433933389,80.46471405029297,3623700,0.0,0
2021-10-26,80.93162238238256,81.19210493261112,78.400515526632,78.90181732177734,3657600,0.0,0
2021-10-27,79.29500296900508,79.45227941811872,78.13511540453058,78.36119842529297,2896600,0.0,0
2021-10-28,78.24323964112472,78.79369970348623,77.2602843504087,78.55778503417969,2435300,0.0,0
2021-10-29,78.20391517424373,80.0911949026882,78.18425936949106,78.94113159179688,2870500,0.0,0
2021-11-01,79.088582429341,79.77665563800726,78.76420538094206,79.54074096679688,1846100,0.0,0
2021-11-02,79.94375227039156,80.06170210078774,78.78386477559084,79.72750091552734,1465500,0.0,0
2021-11-03,79.89460116393803,80.42539789649419,78.25797978006159,79.23602294921875,2306700,0.0,0
2021-11-04,79.56040693111687,80.46472403624865,79.4129621315216,80.44506072998047,1943200,0.0,0
2021-11-05,80.73011542372838,81.30023129287349,80.16983120732127,80.31727600097656,1500900,0.0,0
2021-11-08,80.71045247088938,80.98469631310186,80.005670769249,80.8382339477539,2422400,0.0,0
2021-11-09,80.99551286975976,82.24386271858508,80.67113584234139,82.11608123779297,3078900,0.0,0
2021-11-10,82.51908793081604,83.01056554207605,81.77204736123511,81.93914794921875,2986300,0.0,0
2021-11-11,82.02760547785167,82.27334426897687,81.359195666017,81.97846221923828,1743500,0.0,0
2021-11-12,82.50926664833158,84.1901192373894,81.8900000370158,84.17045593261719,1737600,0.0,0
2021-11-15,84.04268145647455,84.1311438372651,82.50631878242959,82.72552490234375,1319100,0.0,0
2021-11-16,83.11869533147288,83.54136639805587,82.78449413896026,83.07937622070312,1532800,0.0,0
2021-11-17,82.92209823497856,84.57837528652549,82.66161571646681,84.1114730834961,2657800,0.0,0
2021-11-18,83.57918770617614,85.18590836819968,83.47075792010354,84.99862670898438,2586400,0.24,0
2021-11-19,85.20562811991888,86.57577814000457,84.84090906001387,85.0281982421875,2901700,0.0,0
2021-11-22,85.01834078875619,85.15634097216893,82.67233015029367,82.99761199951172,1770400,0.0,0
2021-11-23,82.80047125463261,83.1701162155908,82.32732239560991,82.6131820678711,1683000,0.0,0
2021-11-24,82.45547549536019,83.34262495631909,81.68661513601127,83.25390625,1024700,0.0,0
2021-11-26,81.74575538616362,83.02719432357102,81.32189550875468,82.00204467773438,1170100,0.0,0
2021-11-29,82.908904975694,83.13561635104745,81.80489593259506,82.386474609375,1934300,0.0,0
2021-11-30,81.89360630943803,82.38646623062563,79.00544687046089,79.25187683105469,2602300,0.0,0
2021-12-01,80.53331259119804,82.14989262093296,79.2715923260826,79.30116271972656,2247400,0.0,0
2021-12-02,79.70531249101361,81.88276741031461,79.70038659882626,81.6668930053711,2224700,0.0,0
2021-12-03,82.15975620551497,82.40618619264635,80.75017637830558,81.61761474609375,2236400,0.0,0
2021-12-06,82.20903592027697,83.28346693292887,81.499316434276,82.8103256225586,2046200,0.0,0
2021-12-07,83.92418794679409,85.02819689298752,83.51018741213868,84.47618865966797,2093000,0.0,0
2021-12-08,84.42691161166094,85.28054240466425,83.49047318693337,84.97891235351562,2923600,0.0,0
2021-12-09,84.81133851346432,85.37319853852138,83.95375951924215,84.95919799804688,2406900,0.0,0
2021-12-10,85.08734735901963,85.33377735108358,84.56984287159605,84.85077667236328,2379000,0.0,0
2021-12-13,85.01833795806192,85.40276810197577,83.58904716868439,84.16075897216797,2502400,0.0,0
2021-12-14,83.85518911345767,84.1804784757493,82.87439513458897,83.5988998413086,2178600,0.0,0
2021-12-15,83.83548483248434,84.1657001135833,82.28888998886315,83.70733642578125,2011900,0.0,0
2021-12-16,84.48604878482601,85.62455402641302,83.9931888519869,85.27462768554688,3345100,0.0,0
2021-12-17,84.21005963440625,85.43235032481424,82.82019082898886,82.95819854736328,2875700,0.0,0
2021-12-20,82.06118796518409,82.06118796518409,79.42438402238844,81.15432739257812,2440500,0.0,0
2021-12-21,82.14004482425133,83.07647576385124,81.62746624138582,82.9779052734375,1415100,0.0,0
2021-12-22,82.92861107477778,83.35247092541518,82.44561043768499,83.10604095458984,1014500,0.0,0
2021-12-23,83.6383338184055,84.36579409754587,83.22433325636565,84.03262329101562,933100,0.0,0
2021-12-27,84.50577273813825,85.30420347329154,84.36776502940495,85.28448486328125,674400,0.0,0
2021-12-28,85.25490455861237,85.4717641208402,84.90004482413872,85.22533416748047,730200,0.0,0
2021-12-29,84.9887773445149,85.98731215928532,84.9887773445149,85.58020782470703,1229700,0.0,0
2021-12-30,85.62948159303758,86.0277117297858,85.06762160877612,85.12676239013672,864300,0.0,0
2021-12-31,84.93948024270789,86.31850440019457,84.93948024270789,85.82662963867188,985600,0.0,0
2022-01-03,85.95476596079077,86.96020439641853,83.37218482549629,84.3480453491211,2209600,0.0,0
2022-01-04,84.18047952785835,85.22534019748892,83.75661967727213,84.98876953125,1739200,0.0,0
2022-01-05,85.29433699705076,85.861130420276,82.53432594291455,82.63289642333984,2656900,0.0,0
2022-01-06,82.9877570480579,83.76647663642179,82.58360829745503,83.50032806396484,1641400,0.0,0
2022-01-07,83.19476417258302,84.05233570453993,83.00747497804242,83.15533447265625,2351500,0.0,0
2022-01-10,82.61318187874363,83.4806201982251,81.28246152642981,83.4510498046875,1940000,0.0,0
2022-01-11,83.98333426636003,85.05777289095035,82.97790325587245,85.00848388671875,2334200,0.0,0
2022-01-12,85.48163213711106,86.09277367064662,84.90005347727514,85.70834350585938,2864100,0.0,0
2022-01-13,85.84634108561737,86.42791972779482,84.31847977772279,84.53533935546875,3365800,0.0,0
2022-01-14,83.64819513687571,84.4219813830921,81.8541851377391,82.9779052734375,2870400,0.0,0
2022-01-18,81.86403840678668,82.94832876228173,80.51359947430765,82.6920394897461,2640500,0.0,0
2022-01-19,82.99760510773505,83.23418327718039,81.66688486649772,81.91331481933594,2632200,0.0,0
2022-01-20,82.40617595761569,82.89903587066416,80.67130695796033,81.03602600097656,3534500,0.0,0
2022-01-21,81.03603023256282,82.70189923219853,80.4051701125538,81.92317962646484,2844000,0.0,0
2022-01-24,80.51360448329888,82.15975496762712,78.99559488298759,82.04147338867188,4451900,0.0,0
2022-01-25,80.56288860031084,82.43575034430532,79.76445038857378,81.7851791381836,4027200,0.0,0
2022-01-26,82.3766173063692,83.41162627945802,79.8433172930735,80.35588836669922,3633100,0.0,0
2022-01-27,81.1247499802942,82.22875144435058,80.13903008998902,81.4303207397461,3093400,0.0,0
2022-01-28,81.03603482730125,81.63732458834761,79.68559581110026,81.5880355834961,4367500,0.0,0
2022-01-31,80.1390319558498,84.47126766561138,79.37016410633578,84.21005249023438,4710600,0.0,0
2022-02-01,84.62404426460989,85.13662277774505,80.40516467708287,82.36674499511719,4970900,0.0,0
2022-02-02,82.62304343466288,83.10801444687483,81.25289334681732,82.08089447021484,2889900,0.0,0
2022-02-03,81.4894652783795,82.43575551418596,80.58260474245411,80.6811752319336,2902900,0.0,0
2022-02-04,80.09960648775889,82.0414760227139,79.81374679536204,81.26275634765625,3508500,0.0,0
2022-02-07,81.42046814370286,81.71618714333836,80.33617767911699,80.493896484375,1790200,0.0,0
2022-02-08,80.86846601292461,83.0567655163575,80.72553240799559,82.86947631835938,3294300,0.0,0
2022-02-09,83.6974809704934,83.8985626575922,82.21890110898099,82.5737533569336,2132000,0.0,0
2022-02-10,81.69646163581645,82.14004009782374,80.04045192263692,80.38545989990234,1926400,0.0,0
2022-02-11,80.43474140236529,80.67131206989471,77.98030098557702,78.50273132324219,2494800,0.0,0
2022-02-14,78.4238787061567,79.10402789459707,77.54658853114206,78.61116790771484,3899000,0.0,0
2022-02-15,80.02073329592982,80.51359319365778,77.4233595291788,77.66486358642578,4126300,0.0,0
2022-02-16,77.81273636375114,78.18730724270581,76.35386750805252,77.74373626708984,3305200,0.0,0
2022-02-17,77.15049736827493,77.21970807384716,75.30256775779561,75.36090087890625,2253500,0.24,0
2022-02-18,75.19281161088651,76.05300064867721,74.49080768010501,75.48942565917969,6320300,0.0,0
2022-02-22,75.24224456698148,76.63635550669262,75.0247230691485,75.43999481201172,2481400,0.0,0
2022-02-23,75.90468652748663,75.93435472007658,73.32411198376772,73.84813690185547,2771000,0.0,0
2022-02-24,72.49852431966107,76.06289437656805,72.27606188492727,75.72672271728516,3807000,0.0,0
2022-02-25,75.8157087883221,77.89203732426681,75.59818729098875,77.62508392333984,3005300,0.0,0
2022-02-28,76.29029487025846,78.04034100050787,76.29029487025846,77.44710540771484,3918500,0.0,0
2022-03-01,77.45699790435869,77.59542685365085,75.69706213511135,76.7747802734375,3501600,0.0,0
2022-03-02,77.29880079781131,78.1144988601296,77.17026879784976,77.89203643798828,3266200,0.0,0
2022-03-03,78.77199620544046,79.63219269882002,77.81292837272294,78.28752136230469,2660900,0.0,0
2022-03-04,77.3284580745141,77.69429034930573,75.79593336620346,77.0812759399414,2967900,0.0,0
2022-03-07,76.92308186299054,77.20980649555993,73.41309260010371,73.46253204345703,2768400,0.0,0
2022-03-08,73.3735509900373,74.3820584205559,72.65178331185518,72.67155456542969,3249800,0.0,0
2022-03-09,74.09531981280999,75.3411123522403,73.91734837240564,74.41171264648438,3050200,0.0,0
2022-03-10,73.46253444209053,73.70971658012797,72.47380588994072,72.96817016601562,3981100,0.0,0
2022-03-11,73.15602874811574,73.27961982606593,71.4554143085772,71.58395385742188,3290800,0.0,0
2022-03-14,72.50347574874283,72.54796672882463,70.26894682490882,71.16869354248047,4014900,0.0,0
2022-03-15,71.68282297536436,73.07693391199335,71.13901923198415,72.81986236572266,4655600,0.0,0
2022-03-16,73.6701704974368,75.9640205601332,73.16591679655164,74.64900970458984,2692800,0.0,0
2022-03-17,74.19419435165898,75.5784158873251,74.14475490476356,75.52897644042969,1868200,0.0,0
2022-03-18,75.78604812155878,77.48666250755245,75.65750857676126,77.10105895996094,3822500,0.0,0
2022-03-21,76.64624259859053,77.28397681021333,75.55864257851098,76.45838928222656,1805000,0.0,0
2022-03-22,76.42872457368198,77.69429598759288,76.42872457368198,76.6561279296875,2601700,0.0,0
2022-03-23,76.26064020456917,76.7352332890189,75.3905616837127,75.57842254638672,1675300,0.0,0
2022-03-24,75.5190922008652,76.59681036091702,75.09393857608529,76.54737091064453,1837900,0.0,0
2022-03-25,76.73522468039576,76.8736460762894,75.75638551131922,76.36939239501953,1531900,0.0,0
2022-03-28,76.09254644696381,77.17026446274734,75.4597607938689,77.1307144165039,2218200,0.0,0
2022-03-29,77.81292829684674,78.5940247006344,77.20980332105371,77.76349639892578,1812200,0.0,0
2022-03-30,77.12083175021353,77.7635068568121,76.82421014919859,76.87364959716797,1261600,0.0,0
2022-03-31,76.73522130664541,77.4619373748363,76.03322496022021,76.08265686035156,2413400,0.0,0
2022-04-01,76.04311559970179,76.383232423985,74.89618687296039,75.42021179199219,2591900,0.0,0
2022-04-04,75.43999708228064,75.88492194603717,74.95551462492709,75.77616119384766,1872600,0.0,0
2022-04-05,75.4993163254762,75.70694842578963,74.06566287614044,74.3029556274414,1582900,0.0,0
2022-04-06,73.49220262391803,75.48943118486025,73.3241205632419,75.37078857421875,2666000,0.0,0
2022-04-07,74.92585865404811,77.11094814594729,74.92585865404811,76.66602325439453,3012100,0.0,0
2022-04-08,76.38917119066166,77.3185709140332,76.24086039694696,76.36939239501953,2107000,0.0,0
2022-04-11,76.132105004521,76.38917656214305,75.30157657075863,75.50920867919922,1750400,0.0,0
2022-04-12,75.65750318685039,76.31995702959632,74.63911401610065,75.03460693359375,2814200,0.0,0
2022-04-13,74.41171921088973,75.63774060660933,74.41171921088973,74.98517608642578,1592600,0.0,0
2022-04-14,75.17303447861748,75.62290780339545,73.85802362622057,73.90746307373047,1717000,0.0,0
2022-04-18,73.84814627719513,74.22386045363203,72.29584257752012,72.79020690917969,1517100,0.0,0
2022-04-19,73.19558454215307,74.62924568491941,73.03739187253137,74.5204849243164,1380400,0.0,0
2022-04-20,75.12359924120881,75.50920277579448,74.44137412152634,74.66877746582031,2107800,0.0,0
2022-04-21,75.24224970544446,75.7662746896105,73.99644947857736,74.3622817993164,2256200,0.0,0
2022-04-22,73.00770953720334,73.78880596509345,72.4935740312427,72.59244537353516,2115500,0.0,0
2022-04-25,74.43149105254405,75.17303753493799,72.23651225771383,73.7591552734375,4038900,0.0,0
2022-04-26,72.54301936145067,73.13625500675035,71.37631932355443,71.55429077148438,2231400,0.0,0
2022-04-27,71.4949681880021,73.51197559338804,71.4949681880021,72.74076843261719,2499900,0.0,0
2022-04-28,72.76053516466473,75.65751030865523,72.61223190711969,75.21258544921875,2837400,0.0,0
2022-04-29,74.72811143195881,75.06427554427442,71.75203615282004,72.01898956298828,2808100,0.0,0
2022-05-02,72.17718602817783,73.20546465214348,70.52601111712738,72.12774658203125,2627400,0.0,0
2022-05-03,72.09809071399457,72.8000871441174,71.65118947173201,72.49358367919922,2297000,0.0,0
2022-05-04,73.10659621883966,75.96402131318082,72.43426045879463,75.73661041259766,2700800,0.0,0
2022-05-05,74.63912463887699,75.24224972662684,73.10165126656405,73.8382568359375,2377800,0.0,0
2022-05-06,73.39332638578948,74.02611207846029,71.94977600952119,73.7393798828125,2470400,0.0,0
2022-05-09,72.46391710237882,73.35377431548586,71.94977402662796,72.48368835449219,2718000,0.0,0
2022-05-10,73.03738317227443,73.95690105658369,70.66443306340535,71.94977569580078,2771000,0.0,0
2022-05-11,71.89045488883555,73.14614442270432,71.5246225948343,72.07831573486328,3214400,0.0,0
2022-05-12,71.70259960875161,73.46254297239508,70.45680691963237,72.17719268798828,2482100,0.0,0
2022-05-13,72.9978334605289,74.63911899399731,72.65672089073382,74.2634048461914,2601200,0.0,0
2022-05-16,73.71959667854856,74.01621825448865,72.75064694482431,73.5020751953125,2101000,0.0,0
2022-05-17,74.19419472357853,74.60945892333986,73.02749467896302,74.60945892333984,2742800,0.0,0
2022-05-18,73.57129498118982,74.02610920870274,71.17856615867382,71.39608764648438,1899700,0.0,0
2022-05-19,70.74089735485619,72.95464832502917,70.69125855825516,72.06120300292969,1780500,0.29,0
2022-05-20,72.77596381776314,73.81831802111981,70.92951256107374,72.90502166748047,3017700,0.0,0
2022-05-23,73.4510072873338,74.23029247953426,72.59727147273966,73.3318862915039,2473100,0.0,0
2022-05-24,74.28489055074031,75.3272371112166,72.69654752490717,74.94007873535156,3071700,0.0,0
2022-05-25,74.17569562264886,74.37423567238002,72.24486447981623,72.9943618774414,2854900,0.0,0
2022-05-26,73.83816810682428,75.01950184654889,73.54035803360975,74.53307342529297,3380100,0.0,0
2022-05-27,75.29745993679728,76.06185501950216,74.83088249713902,75.74418640136719,2837700,0.0,0
2022-05-31,74.99964878054384,75.10387965242737,73.19290712099685,73.85802459716797,9765400,0.0,0
2022-06-01,73.77860885133043,74.62241543372974,73.04400156976347,73.43115997314453,2384000,0.0,0
2022-06-02,73.46093722510882,74.81103073136755,73.11348836110486,74.69190216064453,2133600,0.0,0
2022-06-03,74.19553889359128,74.77131558136709,73.55027243824368,74.64226531982422,1415400,0.0,0
2022-06-06,74.97979670763694,75.5059346841924,74.53307778477757,74.6521987915039,1019900,0.0,0
2022-06-07,74.19554085454787,76.0022824329826,73.83816273364282,75.93279266357422,1582500,0.0,0
2022-06-08,75.2776103711933,76.37952506775358,74.64227312302741,75.78388977050781,1926900,0.0,0
2022-06-09,75.63498369345784,76.59791877889687,75.20811579704107,75.44636535644531,2505100,0.0,0
2022-06-10,74.24518421575553,74.48343378640445,72.73625259607202,72.75611114501953,2314500,0.0,0
2022-06-13,70.9096596596005,71.67404716716877,69.93679525796908,70.58206176757812,1860400,0.0,0
2022-06-14,70.40336807960959,70.68629557884222,68.13997838101555,68.70582580566406,1859400,0.0,0
2022-06-15,68.90438216625571,70.2544681936167,68.25911561698655,69.2518310546875,1629300,0.0,0
2022-06-16,67.92158691759172,67.98611584322731,66.4821525944997,67.45500946044922,1818700,0.0,0
2022-06-17,67.44508901129615,68.23925681422571,66.74026196199635,67.3855209350586,3669400,0.0,0
2022-06-21,68.29881784730195,69.5992725081469,67.66348064094893,69.36102294921875,2506000,0.0,0
2022-06-22,67.98115800957264,68.61649529784565,67.37560097327838,68.25911712646484,2621800,0.0,0
2022-06-23,68.17969561657544,69.01357293722107,67.42522977374063,68.09034729003906,1791000,0.0,0
2022-06-24,68.44772106159434,70.3835205584254,67.97122192999883,70.34381103515625,3453500,0.0,0
2022-06-27,70.78060412588118,70.8500938941311,68.62144531255967,69.41065216064453,2327700,0.0,0
2022-06-28,69.6886179566097,70.33388448050408,68.98379093241712,69.28160858154297,1877800,0.0,0
2022-06-29,68.99371602688942,69.6886137343241,68.02085166266387,69.27167510986328,2728700,0.0,0
2022-06-30,68.46758395355208,70.39345429828403,68.24918534862566,70.15519714355469,2822500,0.0,0
2022-07-01,70.46293964762212,71.71872397322782,69.7184031269634,71.37623596191406,2096300,0.0,0
2022-07-05,69.8673040010507,70.9692186516799,69.66380310925224,70.85009765625,1936800,0.0,0
2022-07-06,70.93943817327636,71.25710678309001,70.0757730901187,70.74089813232422,2440000,0.0,0
2022-07-07,68.14990943191789,69.69854293474602,66.86930573772659,69.57941436767578,4386800,0.0,0
2022-07-08,69.49008156869698,69.8573890121345,68.31966920372233,69.3808822631836,2485600,0.0,0
2022-07-11,69.42058582249454,69.65883538958049,68.19954259027188,68.49736022949219,2116900,0.0,0
2022-07-12,68.38816266381123,69.68861740209022,68.060564767143,68.3385238647461,2430700,0.0,0
2022-07-13,67.58406478029698,68.4477223122761,67.33588593569291,67.9017333984375,1635500,0.0,0
2022-07-14,66.82960146121906,68.51721463785798,66.5119328312464,68.48743438720703,2793600,0.0,0
2022-07-15,69.4205854844101,69.63898407559908,68.75546801038338,69.00364685058594,3010100,0.0,0
2022-07-18,69.38087480406674,69.97054947567966,68.27896016603847,68.45764923095703,1525900,0.0,0
2022-07-19,69.29154045455533,71.40602160642379,69.24190165323381,71.3166732788086,2450500,0.0,0
2022-07-20,71.51521703584682,72.22997332277463,70.58206215304469,72.140625,1942400,0.0,0
2022-07-21,72.12077664977609,72.58238568382446,71.72368896771725,72.41858673095703,1520900,0.0,0
2022-07-22,72.54764039070315,72.75610970762955,70.86001973291974,71.37623596191406,3805300,0.0,0
2022-07-25,71.44572464156664,72.13070065371848,71.18761653101686,71.86266326904297,1620800,0.0,0
2022-07-26,71.86267155066585,72.25975924946906,71.06849615305944,72.19026947021484,1897800,0.0,0
2022-07-27,72.2696874656426,76.05193088957037,72.2696874656426,75.88317108154297,3786500,0.0,0
2022-07-28,75.50592277177705,76.92550594390431,75.357021536861,76.29016876220703,2118300,0.0,0
2022-07-29,76.52842857129065,77.97779975852045,75.83353080246894,77.6005630493164,2183100,0.0,0
2022-08-01,76.73690569412335,78.47415769493892,76.73690569412335,77.70976257324219,2425700,0.0,0
2022-08-02,77.600563744402,78.19619149070115,76.83617619185134,76.89573669433594,2146700,0.0,0
2022-08-03,77.28289514175532,79.11941718273435,76.89474455768082,78.65284729003906,2483600,0.0,0
2022-08-04,79.00028696321772,79.2286072454222,78.46421978169607,78.92086791992188,2129600,0.0,0
2022-08-05,78.33517052266704,79.13429909446182,77.98771409724002,78.74217987060547,1492700,0.0,0
2022-08-08,79.21869275605825,79.48176173383118,78.43940752369191,78.70247650146484,1882400,0.0,0
2022-08-09,78.32523961165995,78.50392867072722,77.78917243445817,78.28553009033203,1276600,0.0,0
2022-08-10,79.41723267256157,79.9582607524272,78.80174639277492,79.31796264648438,1419700,0.0,0
2022-08-11,80.12205482396472,80.94601038047702,79.51649785581152,80.01285552978516,1665800,0.0,0
2022-08-12,80.46950396435159,81.26367927503284,79.96322458826393,81.15447998046875,1758800,0.0,0
2022-08-15,80.66805188471422,81.34309862920703,80.4198730459127,80.95594024658203,2015600,0.0,0
2022-08-16,80.64819630738688,81.16441255244925,80.3156375599993,80.72761535644531,1862100,0.0,0
2022-08-17,79.93344339838437,80.27097058426702,79.5760728101229,79.99301147460938,1623200,0.0,0
2022-08-18,80.24208047568744,80.29189096313576,79.71404218146193,80.11256408691406,1183100,0.29,0
2022-08-19,79.73396608511848,79.9033354271648,78.69781215544229,79.11626434326172,1212500,0.0,0
2022-08-22,77.7812212060897,77.9854647417788,76.80484285094266,77.04396057128906,2493900,0.0,0
2022-08-23,76.84469214980984,77.37273805624883,76.27182212455138,76.61554718017578,1680300,0.0,0
2022-08-24,76.67532185206065,77.37273709279238,76.49598737314942,77.08380889892578,1676800,0.0,0
2022-08-25,77.42255302913235,77.95059136498257,77.1037369998733,77.89081573486328,1881600,0.0,0
2022-08-26,78.10003608054012,78.10003608054012,74.8919455910088,74.95172882080078,1482100,0.0,0
2022-08-29,74.47349784513636,74.52331593433149,73.616678398958,73.79601287841797,1441700,0.0,0
2022-08-30,73.85579118762244,74.08494376460243,71.96282534820935,72.59049224853516,2247000,0.0,0
2022-08-31,72.92922867465491,73.21815687091299,71.56430119719649,71.9528579711914,3350600,0.0,0
2022-09-01,71.87315523970264,72.49086461080262,71.05618870433742,72.45101165771484,1653600,0.0,0
2022-09-02,73.18827359798011,73.33772027444299,71.18570637619459,71.4547119140625,1565900,0.0,0
2022-09-06,71.43477813838216,71.88311814581536,70.66762971849515,71.8133773803711,1597300,0.0,0
2022-09-07,71.94289252078103,73.2380868292575,71.46467230925077,73.13845825195312,1751400,0.0,0
2022-09-08,72.67020000972116,72.94916308365754,72.15211921426187,72.64031219482422,1883900,0.0,0
2022-09-09,72.9093068284784,73.26797579334728,72.5008197735881,73.12849426269531,1803300,0.0,0
2022-09-12,73.7163077042652,73.82590142063836,72.60045546653596,73.52701568603516,1693800,0.0,0
2022-09-13,72.00266597048292,72.1620777702899,70.49825701596275,70.85692596435547,1756300,0.0,0
2022-09-14,70.7871871264585,70.91172474800317,69.05361796171204,69.59162139892578,2097200,0.0,0
2022-09-15,69.64143909384589,70.19936520283275,68.4359158362575,68.6750259399414,2129100,0.0,0
2022-09-16,67.91783609317737,68.04736008553967,66.77208844407258,67.54920959472656,3782500,0.0,0
2022-09-19,67.2004994934957,68.09717191485075,67.1506890041375,67.99754333496094,2338000,0.0,0
2022-09-20,67.57909533445614,67.75842980969327,66.64257000808749,67.369873046875,1842500,0.0,0
2022-09-21,67.67872345661341,68.58535336340043,66.77208594865343,66.78205108642578,1579600,0.0,0
2022-09-22,66.33371829661716,66.86673534600033,65.11325116742833,65.20789337158203,1981000,0.0,0
2022-09-23,64.74959584618212,65.68612116047836,64.51546451760805,65.53667449951172,2551600,0.0,0
2022-09-26,65.23779043038054,66.33371996992678,64.61011595866434,65.1281967163086,2415500,0.0,0
2022-09-27,65.69609287180552,66.00494376118037,64.37101066711071,64.88908386230469,1890500,0.0,0
2022-09-28,65.48686516105919,65.98501563889688,64.65494717403794,65.5267105102539,2264400,0.0,0
2022-09-29,64.97875150007216,65.11823302996886,63.63872545818949,64.26141357421875,1910800,0.0,0
2022-09-30,64.29130226408977,64.6798590456954,63.50422736314438,63.564002990722656,2625600,0.0,0
2022-10-03,64.48059910700528,65.76582825275474,63.87285491557709,65.19793701171875,1905500,0.0,0
2022-10-04,66.2141651376126,67.23039643866868,66.03981701913067,66.80198669433594,2424900,0.0,0
2022-10-05,66.17431394982802,67.62891257141496,66.0896292726765,67.18058013916016,1452500,0.0,0
2022-10-06,66.97135444685928,67.35991122882733,66.45327367011963,66.55290985107422,1670000,0.0,0
2022-10-07,65.92523808836957,66.26398439507241,64.63005129519067,65.01860809326172,1446600,0.0,0
2022-10-10,65.55660996564983,65.74590199010082,64.23152778862517,64.76953125,841300,0.0,0
2022-10-11,64.7296778559361,65.32745694188657,64.24149248921348,64.51049041748047,1449200,0.0,0
2022-10-12,64.8293032012451,65.098301116087,64.32617395257179,64.34111785888672,1637600,0.0,0
2022-10-13,62.946298564425334,65.30753471137483,62.25885223083757,64.76953125,1946400,0.0,0
2022-10-14,65.18797584393783,65.85549570102143,63.5938957370317,63.8828239440918,1632800,0.0,0
2022-10-17,64.78945043612994,65.48686567123983,64.57026300798607,65.1281967163086,1688600,0.0,0
2022-10-18,66.67246388375666,66.75216979137134,65.75586874970908,66.46324157714844,1637200,0.0,0
2022-10-19,66.22412780589435,66.70234802288044,65.41712643899703,66.03482818603516,1552300,0.0,0
2022-10-20,66.19424155727748,66.45826071691538,64.43078451237415,64.51049041748047,1923200,0.0,0
2022-10-21,64.78945394292892,66.69239253465557,64.06215845691109,66.5429458618164,2351000,0.0,0
2022-10-24,66.92153447164065,67.63887238774,66.54294283866521,66.83187103271484,2518300,0.0,0
2022-10-25,66.7322436683439,68.6551048834835,66.7322436683439,68.59532165527344,2567100,0.0,0
2022-10-26,68.43591539654156,68.89421292614655,66.53297691377324,68.08720397949219,3656700,0.0,0
2022-10-27,68.2565860449639,71.25544668785484,68.1469923230059,69.75103759765625,3016900,0.0,0
2022-10-28,69.8606277060921,71.60415442738307,69.59162218386446,71.42481994628906,1918400,0.0,0
2022-10-31,70.41855320748303,71.25544237780623,69.98017834616714,70.37870025634766,2551900,0.0,0
2022-11-01,71.00636569646655,71.75359141248643,70.46836986996452,71.2454833984375,1885200,0.0,0
2022-11-02,70.94659552591747,72.3015655365638,69.9403293559874,69.9502944946289,1782900,0.0,0
2022-11-03,69.213033859804,70.82703666574034,68.86433001908773,69.9502944946289,2035000,0.0,0
2022-11-04,71.0262965525285,73.59675486092003,71.0262965525285,72.94915771484375,2299000,0.0,0
2022-11-07,72.81963459665951,73.49711956354336,72.421120287694,73.46723175048828,1777400,0.0,0
2022-11-08,73.66649493625577,73.92552771132853,72.33144770591791,72.8893814086914,1528100,0.0,0
2022-11-09,72.69011923112076,73.61667945475696,72.27167464010397,72.34141540527344,1743200,0.0,0
2022-11-10,74.24434379173103,75.82846626214338,74.24434379173103,75.32035064697266,2643400,0.0,0
2022-11-11,75.38013514985575,77.74136358748481,75.33529582924805,77.08380889892578,2984500,0.0,0
2022-11-14,76.47606419120423,79.26570233211646,76.43621124046895,77.4823226928711,4193900,0.0,0
2022-11-15,78.1797436390629,79.18600981539846,77.90078056471413,78.41885375976562,2349100,0.0,0
2022-11-16,78.15981110008761,79.45500545200026,78.04025984378234,78.11000061035156,2169600,0.0,0
2022-11-17,77.0,77.41000366210938,75.70999908447266,77.3499984741211,3420800,0.29,0
2022-11-18,78.18000030517578,78.76000213623047,77.41999816894531,77.76000213623047,3697600,0.0,0
2022-11-21,77.47000122070312,78.5199966430664,76.80500030517578,78.19000244140625,2068800,0.0,0
2022-11-22,78.55999755859375,78.58999633789062,77.5999984741211,78.25,1916300,0.0,0
2022-11-23,77.97000122070312,78.52999877929688,77.51000213623047,78.0999984741211,1898000,0.0,0
2022-11-25,78.54000091552734,79.01799774169922,78.22000122070312,78.66999816894531,971100,0.0,0
2022-11-28,78.0199966430664,78.36000061035156,76.19499969482422,76.33999633789062,2065800,0.0,0
2022-11-29,76.45999908447266,77.62000274658203,76.13999938964844,76.87999725341797,1869000,0.0,0
2022-11-30,76.80999755859375,78.16500091552734,75.5199966430664,78.08999633789062,3462100,0.0,0
2022-12-01,77.62000274658203,78.91000366210938,77.33999633789062,78.83000183105469,1776700,0.0,0
2022-12-02,78.06999969482422,80.16000366210938,77.5199966430664,79.75,1998300,0.0,0
2022-12-05,78.81999969482422,79.26000213623047,77.83999633789062,78.4800033569336,2100200,0.0,0
2022-12-06,78.47000122070312,79.22000122070312,78.25,79.19000244140625,2674000,0.0,0
2022-12-07,78.97000122070312,79.48999786376953,78.36000061035156,79.0,2151300,0.0,0
2022-12-08,79.87999725341797,80.0,79.05500030517578,79.73999786376953,2376700,0.0,0
2022-12-09,79.87000274658203,80.0,78.3550033569336,78.45999908447266,1417200,0.0,0
2022-12-12,78.9000015258789,80.62000274658203,78.5199966430664,80.54000091552734,1681200,0.0,0
2022-12-13,82.0,82.0,80.58000183105469,80.94999694824219,2600900,0.0,0
2022-12-14,81.0,81.94000244140625,79.9000015258789,80.25,3025900,0.0,0
2022-12-15,79.33999633789062,79.56999969482422,77.98999786376953,78.81999969482422,2119400,0.0,0
2022-12-16,78.20999908447266,78.7300033569336,77.69999694824219,78.5999984741211,4036900,0.0,0
2022-12-19,78.62999725341797,79.01499938964844,77.5719985961914,77.87000274658203,1532700,0.0,0
2022-12-20,77.9000015258789,78.26000213623047,77.51000213623047,77.91999816894531,1889800,0.0,0
2022-12-21,78.44000244140625,79.12999725341797,77.91000366210938,79.02999877929688,1621700,0.0,0
2022-12-22,78.55999755859375,78.77999877929688,77.0999984741211,78.13999938964844,1379600,0.0,0
2022-12-23,77.9000015258789,78.62999725341797,77.73999786376953,78.36000061035156,810400,0.0,0
2022-12-27,78.37000274658203,78.97000122070312,78.01000213623047,78.51000213623047,955400,0.0,0
2022-12-28,78.5999984741211,78.75,77.38999938964844,77.4000015258789,882800,0.0,0
2022-12-29,78.04000091552734,79.2300033569336,77.5999984741211,79.06999969482422,957700,0.0,0
2022-12-30,78.80000305175781,78.98999786376953,77.55000305175781,78.30999755859375,995900,0.0,0
2023-01-03,78.94000244140625,79.45999908447266,78.41000366210938,79.12000274658203,1317300,0.0,0
2023-01-04,79.77999877929688,80.87000274658203,79.30000305175781,80.7699966430664,1611900,0.0,0
2023-01-05,80.51000213623047,80.80999755859375,79.95999908447266,80.12999725341797,2136300,0.0,0
2023-01-06,80.98999786376953,82.05000305175781,80.41000366210938,81.8499984741211,1555400,0.0,0
2023-01-09,81.9800033569336,82.92500305175781,81.31500244140625,81.47000122070312,1652600,0.0,0
2023-01-10,81.37999725341797,81.7699966430664,80.7699966430664,81.66999816894531,1975300,0.0,0
2023-01-11,82.2300033569336,82.2300033569336,81.13999938964844,81.9000015258789,2683300,0.0,0
2023-01-12,82.0,82.98999786376953,80.75,82.9000015258789,2503600,0.0,0
2023-01-13,82.63999938964844,83.30000305175781,82.22200012207031,83.25,1272000,0.0,0
2023-01-17,83.26000213623047,83.48999786376953,82.875,82.9800033569336,1946300,0.0,0
2023-01-18,83.22000122070312,83.4000015258789,81.7699966430664,81.79000091552734,1876300,0.0,0
2023-01-19,81.52999877929688,81.7699966430664,79.62000274658203,79.6500015258789,1552100,0.0,0
2023-01-20,80.04000091552734,80.83999633789062,79.16000366210938,80.80999755859375,1787600,0.0,0
2023-01-23,80.62000274658203,81.78500366210938,79.88999938964844,81.3499984741211,1104400,0.0,0
2023-01-24,80.26000213623047,82.5250015258789,80.26000213623047,82.11000061035156,1542900,0.0,0
2023-01-25,81.5,81.5,80.04000091552734,80.95999908447266,1448800,0.0,0
2023-01-26,81.41000366210938,81.45999908447266,80.16000366210938,81.08000183105469,1353100,0.0,0
2023-01-27,80.91999816894531,81.5999984741211,80.38999938964844,81.19999694824219,1457100,0.0,0
